<?xml version="1.0" encoding="ISO-8859-1"?><n:PES_Aller xmlns:n="http://www.minefi.gouv.fr/cp/helios/pes_v2/Rev0/aller" xmlns:ns3="http://www.w3.org/2000/09/xmldsig#" Id="PESALR120710560900020141201121403628">
    <Enveloppe>
        <Parametres>
            <Version V="2"/>
            <TypFic V="PESALR1"/>
            <NomFic V="PESALR120710560900020141201121403628"/>
        </Parametres>
        <Emetteur>
            <Sigle V="CORIPES v3.4.0.1"/>
            <Adresse V="CORIPES_v3.4.0.1_Schemas PES_V2 P431"/>
        </Emetteur>
        <Recepteur>
            <Sigle V="PAIERIE DEPARTEMENTALE"/>
            <Adresse V="RUE SAINT TROPEZ 56000 VANNES"/>
        </Recepteur>
    </Enveloppe>

	Faux fichier XML

</n:PES_Aller>